Город,Численность_населения_города,Административный_центр,Город_миллионник,Крупнейший_город,Крупный_город,Большой_город,Средний_город
Абаза,17111.0,0,0,0,0,0,0
Абакан,165183.0,1,0,0,0,1,0
Абдулино,20183.0,0,0,0,0,0,0
Абинск,34926.0,0,0,0,0,0,0
Агидель,16365.0,0,0,0,0,0,0
Агрыз,19299.0,0,0,0,0,0,0
Адыгейск,12248.0,0,0,0,0,0,0
Азнакаево,34859.0,0,0,0,0,0,0
Азов,82882.0,0,0,0,0,0,1
Ак-Довурак,13469.0,0,0,0,0,0,0
Аксай,41984.0,0,0,0,0,0,0
Алагир,20949.0,0,0,0,0,0,0
Алапаевск,38198.0,0,0,0,0,0,0
Алатырь,38202.0,0,0,0,0,0,0
Алдан,21277.0,0,0,0,0,0,0
Алейск,29512.0,0,0,0,0,0,0
Александров,61544.0,0,0,0,0,0,1
Александровск,14502.0,0,0,0,0,0,0
Александровск-Сахалинский,10613.0,0,0,0,0,0,0
Алексеевка,39026.0,0,0,0,0,0,0
Алексин,61738.0,0,0,0,0,0,1
Алзамай,6751.0,0,0,0,0,0,0
Альметьевск,146309.0,0,0,0,0,1,0
Амурск,42977.0,0,0,0,0,0,0
Анадырь,13053.0,1,0,0,0,0,0
Анапа,58983.0,0,0,0,0,0,1
Ангарск,233765.0,0,0,0,0,1,0
Андреаполь,8265.0,0,0,0,0,0,0
Анжеро-Судженск,76669.0,0,0,0,0,0,1
Анива,9113.0,0,0,0,0,0,0
Апатиты,59690.0,0,0,0,0,0,1
Апрелевка,18467.0,0,0,0,0,0,0
Апшеронск,40229.0,0,0,0,0,0,0
Арамиль,14227.0,0,0,0,0,0,0
Аргун,29528.0,0,0,0,0,0,0
Ардатов,9400.0,0,0,0,0,0,0
Ардон,18774.0,0,0,0,0,0,0
Арзамас,106367.0,0,0,0,0,1,0
Аркадак,12846.0,0,0,0,0,0,0
Армавир,188897.0,0,0,0,0,1,0
Арсеньев,56742.0,0,0,0,0,0,1
Арск,18114.0,0,0,0,0,0,0
Артём,102636.0,0,0,0,0,1,0
Артёмовск,2180.0,0,0,0,0,0,0
Артёмовский,33136.0,0,0,0,0,0,0
Архангельск,348716.0,1,0,0,1,0,0
Асбест,68914.0,0,0,0,0,0,1
Асино,25614.0,0,0,0,0,0,0
Астрахань,520662.0,1,0,1,0,0,0
Аткарск,25620.0,0,0,0,0,0,0
Ахтубинск,41898.0,0,0,0,0,0,0
Ачинск,109156.0,0,0,0,0,1,0
Аша,31916.0,0,0,0,0,0,0
Бабаево,12074.0,0,0,0,0,0,0
Бабушкин,4839.0,0,0,0,0,0,0
Бавлы,22109.0,0,0,0,0,0,0
Багратионовск,6399.0,0,0,0,0,0,0
Байкальск,13589.0,0,0,0,0,0,0
Баймак,17710.0,0,0,0,0,0,0
Бакал,20953.0,0,0,0,0,0,0
Баксан,36857.0,0,0,0,0,0,0
Балабаново,26337.0,0,0,0,0,0,0
Балаково,199576.0,0,0,0,0,1,0
Балахна,51526.0,0,0,0,0,0,1
Балашиха,215353.0,0,0,0,1,0,0
Балашов,82222.0,0,0,0,0,0,1
Балей,12536.0,0,0,0,0,0,0
Балтийск,32670.0,0,0,0,0,0,0
Барабинск,30394.0,0,0,0,0,0,0
Барнаул,612091.0,1,0,1,0,0,0
Барыш,17149.0,0,0,0,0,0,0
Батайск,111856.0,0,0,0,0,1,0
Бежецк,24517.0,0,0,0,0,0,0
Белая Калитва,43688.0,0,0,0,0,0,0
Белая Холуница,11232.0,0,0,0,0,0,0
Белгород,356426.0,1,0,0,1,0,0
Белебей,60183.0,0,0,0,0,0,1
Белинский,8567.0,0,0,0,0,0,0
Белово,76752.0,0,0,0,0,0,1
Белогорск,68220.0,0,0,0,0,0,1
Белозерск,9614.0,0,0,0,0,0,0
Белокуриха,14660.0,0,0,0,0,0,0
Беломорск,11217.0,0,0,0,0,0,0
Белорецк,68804.0,0,0,0,0,0,1
Белореченск,53891.0,0,0,0,0,0,1
Белоусово,8432.0,0,0,0,0,0,0
Белоярский,20283.0,0,0,0,0,0,0
Белый,3771.0,0,0,0,0,0,0
Белёв,13918.0,0,0,0,0,0,0
Бердск,97288.0,0,0,0,0,0,1
Березники,156512.0,0,0,0,0,1,0
Берёзовский,49437.5,0,0,0,0,0,1
Беслан,36724.0,0,0,0,0,0,0
Бийск,210055.0,0,0,0,0,1,0
Бикин,17156.0,0,0,0,0,0,0
Билибино,5504.0,0,0,0,0,0,0
Биробиджан,75419.0,1,0,0,0,0,1
Бирск,41637.0,0,0,0,0,0,0
Бирюсинск,8981.0,0,0,0,0,0,0
Бирюч,7842.0,0,0,0,0,0,0
Благовещенск,124321.5,1,0,0,0,1,0
Благодарный,32736.0,0,0,0,0,0,0
Бобров,19738.0,0,0,0,0,0,0
Богданович,30678.0,0,0,0,0,0,0
Богородицк,31897.0,0,0,0,0,0,0
Богородск,25497.0,0,0,0,0,0,0
Боготол,21029.0,0,0,0,0,0,0
Богучар,11811.0,0,0,0,0,0,0
Бодайбо,15331.0,0,0,0,0,0,0
Бокситогорск,16593.0,0,0,0,0,0,0
Болгар,8650.0,0,0,0,0,0,0
Бологое,23499.0,0,0,0,0,0,0
Болотное,16570.0,0,0,0,0,0,0
Болохово,9619.0,0,0,0,0,0,0
Болхов,11421.0,0,0,0,0,0,0
Большой Камень,39259.0,0,0,0,0,0,0
Бор,78079.0,0,0,0,0,0,1
Борзя,31376.0,0,0,0,0,0,0
Борисоглебск,65585.0,0,0,0,0,0,1
Боровичи,53699.0,0,0,0,0,0,1
Боровск,12283.0,0,0,0,0,0,0
Бородино,17423.0,0,0,0,0,0,0
Братск,246348.0,0,0,0,0,1,0
Бронницы,21102.0,0,0,0,0,0,0
Брянск,415640.0,1,0,0,1,0,0
Бугульма,89144.0,0,0,0,0,0,1
Бугуруслан,49737.0,0,0,0,0,0,0
Будённовск,64628.0,0,0,0,0,0,1
Бузулук,82655.0,0,0,0,0,0,1
Буинск,20342.0,0,0,0,0,0,0
Буй,25763.0,0,0,0,0,0,0
Буйнакск,65735.0,0,0,0,0,0,1
Бутурлиновка,27208.0,0,0,0,0,0,0
Валдай,16099.0,0,0,0,0,0,0
Валуйки,35322.0,0,0,0,0,0,0
Велиж,7620.0,0,0,0,0,0,0
Великие Луки,98778.0,0,0,0,0,0,1
Великий Новгород,218724.0,1,0,0,0,1,0
Великий Устюг,31664.0,0,0,0,0,0,0
Вельск,23885.0,0,0,0,0,0,0
Венёв,15220.0,0,0,0,0,0,0
Верещагино,22161.0,0,0,0,0,0,0
Верея,5368.0,0,0,0,0,0,0
Верхнеуральск,9459.0,0,0,0,0,0,0
Верхний Тагил,11839.0,0,0,0,0,0,0
Верхний Уфалей,30504.0,0,0,0,0,0,0
Верхняя Пышма,59745.0,0,0,0,0,0,1
Верхняя Салда,46240.0,0,0,0,0,0,0
Верхняя Тура,9468.0,0,0,0,0,0,0
Верхотурье,8815.0,0,0,0,0,0,0
Верхоянск,1311.0,0,0,0,0,0,0
Весьегонск,7330.0,0,0,0,0,0,0
Ветлуга,8956.0,0,0,0,0,0,0
Видное,56798.0,0,0,0,0,0,1
Вилюйск,10233.0,0,0,0,0,0,0
Вилючинск,22905.0,0,0,0,0,0,0
Вихоревка,22528.0,0,0,0,0,0,0
Вичуга,37609.0,0,0,0,0,0,0
Владивосток,592069.0,1,0,1,0,0,0
Владикавказ,311635.0,1,0,0,1,0,0
Владимир,348256.0,1,0,0,1,0,0
Волгоград,1021244.0,1,1,0,0,0,0
Волгодонск,170621.0,0,0,0,0,1,0
Волгореченск,17108.0,0,0,0,0,0,0
Волжск,55671.0,0,0,0,0,0,1
Волжский,314436.0,0,0,0,1,0,0
Вологда,301642.0,1,0,0,1,0,0
Володарск,9924.0,0,0,0,0,0,0
Волоколамск,23386.0,0,0,0,0,0,0
Волосово,12162.0,0,0,0,0,0,0
Волхов,47344.0,0,0,0,0,0,0
Волчанск,10008.0,0,0,0,0,0,0
Вольск,66520.0,0,0,0,0,0,1
Воркута,70551.0,0,0,0,0,0,1
Воронеж,889989.0,1,1,0,0,0,0
Ворсма,11622.0,0,0,0,0,0,0
Воскресенск,91301.0,0,0,0,0,0,1
Воткинск,100034.0,0,0,0,0,1,0
Всеволожск,59689.0,0,0,0,0,0,1
Вуктыл,12357.0,0,0,0,0,0,0
Выборг,80013.0,0,0,0,0,0,1
Выкса,56196.0,0,0,0,0,0,1
Высоковск,10642.0,0,0,0,0,0,0
Высоцк,1244.0,0,0,0,0,0,0
Вытегра,10490.0,0,0,0,0,0,0
Вышний Волочёк,52326.0,0,0,0,0,0,1
Вяземский,14556.0,0,0,0,0,0,0
Вязники,41252.0,0,0,0,0,0,0
Вязьма,57103.0,0,0,0,0,0,1
Вятские Поляны,35159.0,0,0,0,0,0,0
Гаврилов Посад,6434.0,0,0,0,0,0,0
Гаврилов-Ям,17792.0,0,0,0,0,0,0
Гагарин,31721.0,0,0,0,0,0,0
Гаджиево,11089.0,0,0,0,0,0,0
Гай,38302.0,0,0,0,0,0,0
Галич,17346.0,0,0,0,0,0,0
Гатчина,92566.0,0,0,0,0,0,1
Гвардейск,13888.0,0,0,0,0,0,0
Гдов,4379.0,0,0,0,0,0,0
Геленджик,54813.0,0,0,0,0,0,1
Георгиевск,72126.0,0,0,0,0,0,1
Глазов,95835.0,0,0,0,0,0,1
Голицыно,17447.0,0,0,0,0,0,0
Горбатов,2278.0,0,0,0,0,0,0
Горно-Алтайск,56928.0,1,0,0,0,0,1
Горнозаводск,12056.0,0,0,0,0,0,0
Горняк,13924.0,0,0,0,0,0,0
Городец,30699.0,0,0,0,0,0,0
Городище,8102.0,0,0,0,0,0,0
Городовиковск,9565.0,0,0,0,0,0,0
Гороховец,14015.0,0,0,0,0,0,0
Горячий Ключ,30093.0,0,0,0,0,0,0
Грайворон,6234.0,0,0,0,0,0,0
Гремячинск,10750.0,0,0,0,0,0,0
Грозный,271596.0,1,0,0,1,0,0
Грязи,46798.0,0,0,0,0,0,0
Грязовец,15528.0,0,0,0,0,0,0
Губаха,27544.0,0,0,0,0,0,0
Губкин,88562.0,0,0,0,0,0,1
Губкинский,23340.0,0,0,0,0,0,0
Гудермес,45643.0,0,0,0,0,0,0
Гуково,67268.0,0,0,0,0,0,1
Гулькевичи,35225.0,0,0,0,0,0,0
Гурьевск,18624.5,0,0,0,0,0,0
Гусев,28260.0,0,0,0,0,0,0
Гусиноозёрск,24603.0,0,0,0,0,0,0
Гусь-Хрустальный,60773.0,0,0,0,0,0,1
Давлеканово,24040.0,0,0,0,0,0,0
Дагестанские Огни,30671.0,0,0,0,0,0,0
Далматово,13913.0,0,0,0,0,0,0
Дальнегорск,37503.0,0,0,0,0,0,0
Дальнереченск,27601.0,0,0,0,0,0,0
Данилов,15861.0,0,0,0,0,0,0
Данков,21056.0,0,0,0,0,0,0
Дегтярск,15521.0,0,0,0,0,0,0
Дедовск,29280.0,0,0,0,0,0,0
Демидов,7333.0,0,0,0,0,0,0
Дербент,119961.0,0,0,0,0,1,0
Десногорск,29677.0,0,0,0,0,0,0
Дзержинск,240762.0,0,0,0,0,1,0
Дзержинский,47125.0,0,0,0,0,0,0
Дивногорск,28271.0,0,0,0,0,0,0
Дигора,10856.0,0,0,0,0,0,0
Димитровград,122549.0,0,0,0,0,1,0
Дмитриев,7721.0,0,0,0,0,0,0
Дмитров,61454.0,0,0,0,0,0,1
Дмитровск,5651.0,0,0,0,0,0,0
Дно,9061.0,0,0,0,0,0,0
Добрянка,33685.0,0,0,0,0,0,0
Долгопрудный,90976.0,0,0,0,0,0,1
Долинск,12200.0,0,0,0,0,0,0
Домодедово,96123.0,0,0,0,0,0,1
Донецк,50085.0,0,0,0,0,0,1
Донской,64561.0,0,0,0,0,0,1
Дорогобуж,10720.0,0,0,0,0,0,0
Дрезна,11815.0,0,0,0,0,0,0
Дубна,70569.0,0,0,0,0,0,1
Дубовка,14345.0,0,0,0,0,0,0
Дудинка,22207.0,0,0,0,0,0,0
Духовщина,4370.0,0,0,0,0,0,0
Дюртюли,31272.0,0,0,0,0,0,0
Дятьково,29438.0,0,0,0,0,0,0
Егорьевск,70133.0,0,0,0,0,0,1
Ейск,87771.0,0,0,0,0,0,1
Екатеринбург,1350136.0,1,1,0,0,0,0
Елабуга,70750.0,0,0,0,0,0,1
Елец,108404.0,0,0,0,0,1,0
Елизово,39548.0,0,0,0,0,0,0
Ельня,10095.0,0,0,0,0,0,0
Еманжелинск,30218.0,0,0,0,0,0,0
Емва,14574.0,0,0,0,0,0,0
Енисейск,18769.0,0,0,0,0,0,0
Ермолино,10409.0,0,0,0,0,0,0
Ершов,21447.0,0,0,0,0,0,0
Ессентуки,100969.0,0,0,0,0,1,0
Ефремов,42350.0,0,0,0,0,0,0
Железноводск,24496.0,0,0,0,0,0,0
Железногорск,90308.0,0,0,0,0,0,1
Железногорск-Илимский,26134.0,0,0,0,0,0,0
Железнодорожный,131729.0,0,0,0,0,1,0
Жердевка,15211.0,0,0,0,0,0,0
Жигулёвск,55560.0,0,0,0,0,0,1
Жиздра,5585.0,0,0,0,0,0,0
Жирновск,16890.0,0,0,0,0,0,0
Жуков,12150.0,0,0,0,0,0,0
Жуковка,18269.0,0,0,0,0,0,0
Жуковский,102729.0,0,0,0,0,1,0
Завитинск,11481.0,0,0,0,0,0,0
Заводоуковск,25657.0,0,0,0,0,0,0
Заволжск,12045.0,0,0,0,0,0,0
Заволжье,40265.0,0,0,0,0,0,0
Задонск,9695.0,0,0,0,0,0,0
Заинск,41798.0,0,0,0,0,0,0
Закаменск,11530.0,0,0,0,0,0,0
Заозёрный,10683.0,0,0,0,0,0,0
Заозёрск,11206.0,0,0,0,0,0,0
Западная Двина,9376.0,0,0,0,0,0,0
Заполярный,15835.0,0,0,0,0,0,0
Зарайск,24648.0,0,0,0,0,0,0
Заречный,45191.0,0,0,0,0,0,1
Заринск,48456.0,0,0,0,0,0,0
Звенигово,11945.0,0,0,0,0,0,0
Звенигород,16395.0,0,0,0,0,0,0
Зверево,22416.0,0,0,0,0,0,0
Зеленогорск,39438.5,0,0,0,0,0,1
Зеленоградск,13015.0,0,0,0,0,0,0
Зеленодольск,97651.0,0,0,0,0,0,1
Зеленокумск,35790.0,0,0,0,0,0,0
Зерноград,26850.0,0,0,0,0,0,0
Зея,25042.0,0,0,0,0,0,0
Зима,32522.0,0,0,0,0,0,0
Златоуст,174985.0,0,0,0,0,1,0
Злынка,5507.0,0,0,0,0,0,0
Змеиногорск,10955.0,0,0,0,0,0,0
Знаменск,29357.0,0,0,0,0,0,0
Зубцов,6937.0,0,0,0,0,0,0
Зуевка,11198.0,0,0,0,0,0,0
Ивангород,9797.0,0,0,0,0,0,0
Иваново,409277.0,1,0,0,1,0,0
Ивантеевка,58594.0,0,0,0,0,0,1
Ивдель,17764.0,0,0,0,0,0,0
Игарка,6183.0,0,0,0,0,0,0
Ижевск,628116.0,1,0,1,0,0,0
Избербаш,56301.0,0,0,0,0,0,1
Изобильный,40546.0,0,0,0,0,0,0
Иланский,16108.0,0,0,0,0,0,0
Инза,18547.0,0,0,0,0,0,0
Инсар,8687.0,0,0,0,0,0,0
Инта,32021.0,0,0,0,0,0,0
Ипатово,26055.0,0,0,0,0,0,0
Ирбит,38352.0,0,0,0,0,0,0
Иркутск,587225.0,1,0,1,0,0,0
Исилькуль,24481.0,0,0,0,0,0,0
Искитим,60072.0,0,0,0,0,0,1
Истра,35106.0,0,0,0,0,0,0
Ишим,65229.0,0,0,0,0,0,1
Ишимбай,66242.0,0,0,0,0,0,1
Йошкар-Ола,248688.0,1,0,0,0,1,0
Кадников,4797.0,0,0,0,0,0,0
Казань,1143546.0,1,1,0,0,0,0
Калач,20046.0,0,0,0,0,0,0
Калач-на-Дону,26892.0,0,0,0,0,0,0
Калачинск,23539.0,0,0,0,0,0,0
Калининград,431491.0,1,0,0,1,0,0
Калининск,16442.0,0,0,0,0,0,0
Калтан,21893.0,0,0,0,0,0,0
Калуга,325185.0,1,0,0,1,0,0
Калязин,13870.0,0,0,0,0,0,0
Камбарка,11028.0,0,0,0,0,0,0
Каменка,39579.0,0,0,0,0,0,0
Каменногорск,6761.0,0,0,0,0,0,0
Каменск-Уральский,174710.0,0,0,0,0,1,0
Каменск-Шахтинский,95306.0,0,0,0,0,0,1
Камень-на-Оби,43880.0,0,0,0,0,0,0
Камешково,13113.0,0,0,0,0,0,0
Камызяк,16291.0,0,0,0,0,0,0
Камышин,119924.0,0,0,0,0,1,0
Камышлов,26875.0,0,0,0,0,0,0
Канаш,45608.0,0,0,0,0,0,0
Кандалакша,35659.0,0,0,0,0,0,0
Канск,94230.0,0,0,0,0,0,1
Карабаново,14868.0,0,0,0,0,0,0
Карабаш,13151.0,0,0,0,0,0,0
Карабулак,31081.0,0,0,0,0,0,0
Карасук,28586.0,0,0,0,0,0,0
Карачаевск,23848.0,0,0,0,0,0,0
Карачев,19715.0,0,0,0,0,0,0
Каргат,10042.0,0,0,0,0,0,0
Каргополь,10148.0,0,0,0,0,0,0
Карпинск,29118.0,0,0,0,0,0,0
Карталы,29136.0,0,0,0,0,0,0
Касимов,33494.0,0,0,0,0,0,0
Касли,16998.0,0,0,0,0,0,0
Каспийск,103914.0,0,0,0,0,1,0
Катав-Ивановск,17640.0,0,0,0,0,0,0
Катайск,14017.0,0,0,0,0,0,0
Качканар,41429.0,0,0,0,0,0,0
Кашин,16174.0,0,0,0,0,0,0
Кашира,41880.0,0,0,0,0,0,0
Кедровый,2451.0,0,0,0,0,0,0
Кемерово,532884.0,1,0,1,0,0,0
Кемь,13061.0,0,0,0,0,0,0
Кизел,19590.0,0,0,0,0,0,0
Кизилюрт,36187.0,0,0,0,0,0,0
Кизляр,49169.0,0,0,0,0,0,0
Кимовск,28493.0,0,0,0,0,0,0
Кимры,49623.0,0,0,0,0,0,0
Кингисепп,48667.0,0,0,0,0,0,0
Кинель,34472.0,0,0,0,0,0,0
Кинешма,88113.0,0,0,0,0,0,1
Киреевск,25585.0,0,0,0,0,0,0
Киренск,12652.0,0,0,0,0,0,0
Киржач,30044.0,0,0,0,0,0,0
Кириллов,7735.0,0,0,0,0,0,0
Кириши,52826.0,0,0,0,0,0,1
Киров,252778.0,1,0,1,0,0,0
Кировград,21006.0,0,0,0,0,0,0
Кирово-Чепецк,80920.0,0,0,0,0,0,1
Кировск,27146.0,0,0,0,0,0,0
Кирс,10420.0,0,0,0,0,0,0
Кирсанов,17240.0,0,0,0,0,0,0
Киселёвск,98382.0,0,0,0,0,0,1
Кисловодск,128502.0,0,0,0,0,1,0
Климовск,56113.0,0,0,0,0,0,1
Клин,80584.0,0,0,0,0,0,1
Клинцы,62510.0,0,0,0,0,0,1
Княгинино,6708.0,0,0,0,0,0,0
Ковдор,18836.0,0,0,0,0,0,0
Ковров,145492.0,0,0,0,0,1,0
Ковылкино,21307.0,0,0,0,0,0,0
Когалым,58192.0,0,0,0,0,0,1
Кодинск,14835.0,0,0,0,0,0,0
Козельск,18203.0,0,0,0,0,0,0
Козловка,10355.0,0,0,0,0,0,0
Козьмодемьянск,21262.0,0,0,0,0,0,0
Кола,10447.0,0,0,0,0,0,0
Кологрив,3314.0,0,0,0,0,0,0
Коломна,144642.0,0,0,0,0,1,0
Колпашево,24126.0,0,0,0,0,0,0
Колпино,138013.0,0,0,0,0,1,0
Кольчугино,45804.0,0,0,0,0,0,0
Коммунар,20265.0,0,0,0,0,0,0
Комсомольск,8693.0,0,0,0,0,0,0
Комсомольск-на-Амуре,263906.0,0,0,0,0,0,0
Конаково,41303.0,0,0,0,0,0,0
Кондопога,32978.0,0,0,0,0,0,0
Кондрово,16672.0,0,0,0,0,0,0
Константиновск,17926.0,0,0,0,0,0,0
Копейск,137604.0,0,0,0,0,1,0
Кораблино,12657.0,0,0,0,0,0,0
Кореновск,41179.0,0,0,0,0,0,0
Коркино,38950.0,0,0,0,0,0,0
Королёв,183452.0,0,0,0,0,1,0
Короча,5877.0,0,0,0,0,0,0
Корсаков,33518.0,0,0,0,0,0,0
Коряжма,39629.0,0,0,0,0,0,0
Костерёво,9136.0,0,0,0,0,0,0
Костомукша,28433.0,0,0,0,0,0,0
Кострома,268617.0,1,0,0,1,0,0
Котельники,32347.0,0,0,0,0,0,0
Котельниково,20441.0,0,0,0,0,0,0
Котельнич,24979.0,0,0,0,0,0,0
Котлас,60562.0,0,0,0,0,0,1
Котово,24104.0,0,0,0,0,0,0
Котовск,31851.0,0,0,0,0,0,0
Кохма,29408.0,0,0,0,0,0,0
Красавино,7003.0,0,0,0,0,0,0
Красноармейск,25328.0,0,0,0,0,0,0
Красновишерск,16098.0,0,0,0,0,0,0
Красногорск,116738.0,0,0,0,0,1,0
Краснодар,744933.0,1,0,1,0,0,0
Красное Село,44485.0,0,0,0,0,0,0
Краснозаводск,13432.0,0,0,0,0,0,0
Краснознаменск,19789.5,0,0,0,0,0,0
Краснокаменск,55668.0,0,0,0,0,0,1
Краснокамск,51929.0,0,0,0,0,0,1
Краснослободск,13079.0,0,0,0,0,0,0
Краснотурьинск,59701.0,0,0,0,0,0,1
Красноуральск,24973.0,0,0,0,0,0,0
Красноуфимск,39762.0,0,0,0,0,0,0
Красноярск,973891.0,1,1,0,0,0,0
Красный Кут,14420.0,0,0,0,0,0,0
Красный Сулин,40866.0,0,0,0,0,0,0
Красный Холм,5608.0,0,0,0,0,0,0
Кремёнки,11617.0,0,0,0,0,0,0
Кронштадт,42999.0,0,0,0,0,0,0
Кропоткин,80743.0,0,0,0,0,0,1
Крымск,57370.0,0,0,0,0,0,1
Кстово,66641.0,0,0,0,0,0,1
Кубинка,22918.0,0,0,0,0,0,0
Кувандык,26176.0,0,0,0,0,0,0
Кувшиново,10008.0,0,0,0,0,0,0
Кудымкар,28984.0,0,0,0,0,0,0
Кузнецк,88883.0,0,0,0,0,0,1
Куйбышев,45298.0,0,0,0,0,0,0
Кулебаки,35762.0,0,0,0,0,0,0
Кумертау,62854.0,0,0,0,0,0,1
Кунгур,66110.0,0,0,0,0,0,1
Купино,14893.0,0,0,0,0,0,0
Курган,333640.0,1,0,0,1,0,0
Курганинск,47974.0,0,0,0,0,0,0
Курильск,2070.0,0,0,0,0,0,0
Курлово,6791.0,0,0,0,0,0,0
Куровское,21821.0,0,0,0,0,0,0
Курск,414595.0,1,0,0,1,0,0
Куртамыш,17098.0,0,0,0,0,0,0
Курчатов,42691.0,0,0,0,0,0,0
Куса,18792.0,0,0,0,0,0,0
Кушва,30166.0,0,0,0,0,0,0
Кызыл,109906.0,1,0,0,0,1,0
Кыштым,38950.0,0,0,0,0,0,0
Кяхта,20041.0,0,0,0,0,0,0
Лабинск,62822.0,0,0,0,0,0,1
Лабытнанги,26948.0,0,0,0,0,0,0
Лагань,14323.0,0,0,0,0,0,0
Ладушкин,3788.0,0,0,0,0,0,0
Лаишево,7735.0,0,0,0,0,0,0
Лакинск,15707.0,0,0,0,0,0,0
Лангепас,41675.0,0,0,0,0,0,0
Лахденпохья,7818.0,0,0,0,0,0,0
Лебедянь,20991.0,0,0,0,0,0,0
Лениногорск,64145.0,0,0,0,0,0,1
Ленинск,15527.0,0,0,0,0,0,0
Ленинск-Кузнецкий,101666.0,0,0,0,0,1,0
Ленск,24955.0,0,0,0,0,0,0
Лермонтов,22540.0,0,0,0,0,0,0
Лесной,50364.0,0,0,0,0,0,1
Лесозаводск,36975.0,0,0,0,0,0,0
Лесосибирск,61146.0,0,0,0,0,0,1
Ливны,50430.0,0,0,0,0,0,1
Ликино-Дулёво,31331.0,0,0,0,0,0,0
Липецк,508124.0,1,0,1,0,0,0
Липки,8741.0,0,0,0,0,0,0
Лиски,55864.0,0,0,0,0,0,1
Лихославль,12259.0,0,0,0,0,0,0
Лобня,74350.0,0,0,0,0,0,1
Лодейное Поле,21053.0,0,0,0,0,0,0
Ломоносов,43002.0,0,0,0,0,0,0
Лосино-Петровский,22550.0,0,0,0,0,0,0
Луга,36409.0,0,0,0,0,0,0
Луза,11262.0,0,0,0,0,0,0
Лукоянов,14949.0,0,0,0,0,0,0
Луховицы,29849.0,0,0,0,0,0,0
Лысково,21882.0,0,0,0,0,0,0
Лысьва,65931.0,0,0,0,0,0,1
Лыткарино,55147.0,0,0,0,0,0,1
Льгов,21452.0,0,0,0,0,0,0
Любань,4188.0,0,0,0,0,0,0
Люберцы,171978.0,0,0,0,0,1,0
Любим,5553.0,0,0,0,0,0,0
Людиново,40550.0,0,0,0,0,0,0
Лянтор,38922.0,0,0,0,0,0,0
Магадан,95925.0,1,0,0,0,0,1
Магас,2505.0,1,0,0,0,0,0
Магнитогорск,408401.0,0,0,0,1,0,0
Майкоп,144246.0,1,0,0,0,1,0
Майский,26755.0,0,0,0,0,0,0
Макаров,6705.0,0,0,0,0,0,0
Макарьев,7114.0,0,0,0,0,0,0
Макушино,8337.0,0,0,0,0,0,0
Малая Вишера,12461.0,0,0,0,0,0,0
Малгобек,31076.0,0,0,0,0,0,0
Малмыж,8265.0,0,0,0,0,0,0
Малоархангельск,3614.0,0,0,0,0,0,0
Малоярославец,30401.0,0,0,0,0,0,0
Мамадыш,14432.0,0,0,0,0,0,0
Мамоново,7757.0,0,0,0,0,0,0
Мантурово,17479.0,0,0,0,0,0,0
Мариинск,40522.0,0,0,0,0,0,0
Мариинский Посад,9089.0,0,0,0,0,0,0
Маркс,31535.0,0,0,0,0,0,0
Махачкала,577990.0,1,0,1,0,0,0
Мглин,7916.0,0,0,0,0,0,0
Мегион,49471.0,0,0,0,0,0,0
Медвежьегорск,15536.0,0,0,0,0,0,0
Медногорск,27290.0,0,0,0,0,0,0
Медынь,8298.0,0,0,0,0,0,0
Межгорье,17353.0,0,0,0,0,0,0
Междуреченск,101995.0,0,0,0,0,1,0
Мезень,3599.0,0,0,0,0,0,0
Меленки,15208.0,0,0,0,0,0,0
Мелеуз,61408.0,0,0,0,0,0,1
Менделеевск,22075.0,0,0,0,0,0,0
Мензелинск,16474.0,0,0,0,0,0,0
Мещовск,4101.0,0,0,0,0,0,0
Миасс,151812.0,0,0,0,0,1,0
Микунь,10732.0,0,0,0,0,0,0
Миллерово,36493.0,0,0,0,0,0,0
Минеральные Воды,76715.0,0,0,0,0,0,1
Минусинск,71171.0,0,0,0,0,0,1
Миньяр,10195.0,0,0,0,0,0,0
Мирный,33719.0,0,0,0,0,0,0
Михайлов,11783.0,0,0,0,0,0,0
Михайловка,59153.0,0,0,0,0,0,1
Михайловск,40436.0,0,0,0,0,0,1
Мичуринск,98758.0,0,0,0,0,0,1
Могоча,13228.0,0,0,0,0,0,0
Можайск,31388.0,0,0,0,0,0,0
Можга,47959.0,0,0,0,0,0,0
Моздок,38748.0,0,0,0,0,0,0
Мончегорск,45381.0,0,0,0,0,0,0
Морозовск,27644.0,0,0,0,0,0,0
Моршанск,41550.0,0,0,0,0,0,0
Мосальск,4285.0,0,0,0,0,0,0
Москва,11514330.0,1,1,0,0,0,0
Московский,17363.0,0,0,0,0,0,0
Муравленко,33401.0,0,0,0,0,0,0
Мураши,6752.0,0,0,0,0,0,0
Мурманск,307664.0,1,0,0,1,0,0
Муром,116078.0,0,0,0,0,1,0
Мценск,43216.0,0,0,0,0,0,0
Мыски,43029.0,0,0,0,0,0,0
Мытищи,173341.0,0,0,0,0,1,0
Мышкин,5932.0,0,0,0,0,0,0
Набережные Челны,513242.0,0,0,1,0,0,0
Навашино,16413.0,0,0,0,0,0,0
Наволоки,10207.0,0,0,0,0,0,0
Надым,46550.0,0,0,0,0,0,0
Назарово,52829.0,0,0,0,0,0,1
Назрань,93357.0,0,0,0,0,0,1
Называевск,11614.0,0,0,0,0,0,0
Нальчик,240095.0,1,0,0,0,1,0
Нариманов,11386.0,0,0,0,0,0,0
Наро-Фоминск,64640.0,0,0,0,0,0,1
Нарткала,31679.0,0,0,0,0,0,0
Нарьян-Мар,21296.0,1,0,0,0,0,0
Находка,159695.0,0,0,0,0,1,0
Невель,16324.0,0,0,0,0,0,0
Невельск,11667.0,0,0,0,0,0,0
Невинномысск,118351.0,0,0,0,0,1,0
Невьянск,24555.0,0,0,0,0,0,0
Нелидово,22886.0,0,0,0,0,0,0
Неман,11794.0,0,0,0,0,0,0
Нерехта,22817.0,0,0,0,0,0,0
Нерчинск,14976.0,0,0,0,0,0,0
Нерюнгри,61746.0,0,0,0,0,0,1
Нестеров,4584.0,0,0,0,0,0,0
Нефтегорск,19256.0,0,0,0,0,0,0
Нефтекамск,121757.0,0,0,0,0,1,0
Нефтекумск,27700.0,0,0,0,0,0,0
Нефтеюганск,123276.0,0,0,0,0,1,0
Нея,9827.0,0,0,0,0,0,0
Нижневартовск,251860.0,0,0,0,1,0,0
Нижнекамск,234108.0,0,0,0,0,1,0
Нижнеудинск,37056.0,0,0,0,0,0,0
Нижние Серги,10347.0,0,0,0,0,0,0
Нижний Ломов,22725.0,0,0,0,0,0,0
Нижний Новгород,1250615.0,1,1,0,0,0,0
Нижний Тагил,361883.0,0,0,0,1,0,0
Нижняя Салда,17610.0,0,0,0,0,0,0
Нижняя Тура,21997.0,0,0,0,0,0,0
Николаевск,15081.0,0,0,0,0,0,0
Николаевск-на-Амуре,22773.0,0,0,0,0,0,0
Никольск,15495.0,0,0,0,0,0,0
Никольское,19345.0,0,0,0,0,0,0
Новая Ладога,8839.0,0,0,0,0,0,0
Новая Ляля,12731.0,0,0,0,0,0,0
Новоалександровск,26759.0,0,0,0,0,0,0
Новоалтайск,70438.0,0,0,0,0,0,1
Новоаннинский,17911.0,0,0,0,0,0,0
Нововоронеж,32635.0,0,0,0,0,0,0
Новодвинск,40612.0,0,0,0,0,0,0
Новозыбков,40552.0,0,0,0,0,0,0
Новокубанск,34847.0,0,0,0,0,0,0
Новокузнецк,547885.0,0,0,1,0,0,0
Новокуйбышевск,108449.0,0,0,0,0,1,0
Новомичуринск,19309.0,0,0,0,0,0,0
Новомосковск,131227.0,0,0,0,0,1,0
Новопавловск,26556.0,0,0,0,0,0,0
Новоржев,3695.0,0,0,0,0,0,0
Новороссийск,241788.0,0,0,0,1,0,0
Новосибирск,1473737.0,1,1,0,0,0,0
Новосиль,3661.0,0,0,0,0,0,0
Новосокольники,8119.0,0,0,0,0,0,0
Новотроицк,98184.0,0,0,0,0,0,1
Новоузенск,17015.0,0,0,0,0,0,0
Новоульяновск,16032.0,0,0,0,0,0,0
Новоуральск,85519.0,0,0,0,0,0,1
Новохопёрск,6849.0,0,0,0,0,0,0
Новочебоксарск,124113.0,0,0,0,0,1,0
Новочеркасск,169039.0,0,0,0,0,1,0
Новошахтинск,111087.0,0,0,0,0,1,0
Новый Оскол,19530.0,0,0,0,0,0,0
Новый Уренгой,104144.0,0,0,0,0,1,0
Ногинск,99762.0,0,0,0,0,0,1
Нолинск,9556.0,0,0,0,0,0,0
Норильск,175301.0,0,0,0,0,1,0
Ноябрьск,110572.0,0,0,0,0,1,0
Нурлат,32600.0,0,0,0,0,0,0
Нытва,19042.0,0,0,0,0,0,0
Нюрба,10156.0,0,0,0,0,0,0
Нягань,54903.0,0,0,0,0,0,1
Нязепетровск,12452.0,0,0,0,0,0,0
Няндома,22354.0,0,0,0,0,0,0
Облучье,9379.0,0,0,0,0,0,0
Обнинск,104798.0,0,0,0,0,1,0
Обоянь,13562.0,0,0,0,0,0,0
Обь,25383.0,0,0,0,0,0,0
Одинцово,139021.0,0,0,0,0,1,0
Ожерелье,10444.0,0,0,0,0,0,0
Озёрск,43504.0,0,0,0,0,0,1
Озёры,25788.0,0,0,0,0,0,0
Октябрьск,27244.0,0,0,0,0,0,0
Октябрьский,109379.0,0,0,0,0,1,0
Окуловка,12464.0,0,0,0,0,0,0
Оленегорск,23079.0,0,0,0,0,0,0
Олонец,9060.0,0,0,0,0,0,0
Олёкминск,9487.0,0,0,0,0,0,0
Омск,1153971.0,1,1,0,0,0,0
Омутнинск,23618.0,0,0,0,0,0,0
Онега,21359.0,0,0,0,0,0,0
Опочка,11601.0,0,0,0,0,0,0
Оренбург,546987.0,1,0,1,0,0,0
Орехово-Зуево,120620.0,0,0,0,0,1,0
Орлов,6959.0,0,0,0,0,0,0
Орск,239752.0,0,0,0,0,1,0
Орёл,317854.0,1,0,0,1,0,0
Оса,21191.0,0,0,0,0,0,0
Осинники,45997.0,0,0,0,0,0,0
Осташков,18073.0,0,0,0,0,0,0
Остров,21670.0,0,0,0,0,0,0
Островной,2177.0,0,0,0,0,0,0
Острогожск,33842.0,0,0,0,0,0,0
Отрадное,23874.0,0,0,0,0,0,0
Отрадный,48359.0,0,0,0,0,0,0
Оха,23007.0,0,0,0,0,0,0
Оханск,7249.0,0,0,0,0,0,0
Очёр,14239.0,0,0,0,0,0,0
Павлово,60699.0,0,0,0,0,0,1
Павловск,20592.0,0,0,0,0,0,0
Павловский Посад,63771.0,0,0,0,0,0,1
Палласовка,15984.0,0,0,0,0,0,0
Партизанск,38648.0,0,0,0,0,0,0
Певек,4161.0,0,0,0,0,0,0
Пенза,517137.0,1,0,1,0,0,0
Первомайск,14567.0,0,0,0,0,0,0
Первоуральск,124555.0,0,0,0,0,1,0
Перевоз,9201.0,0,0,0,0,0,0
Пересвет,14142.0,0,0,0,0,0,0
Переславль-Залесский,41923.0,0,0,0,0,0,0
Пермь,991530.0,1,1,0,0,0,0
Пестово,15911.0,0,0,0,0,0,0
Петергоф,73154.0,0,0,0,0,0,1
Петров Вал,13264.0,0,0,0,0,0,0
Петровск,31158.0,0,0,0,0,0,0
Петровск-Забайкальский,18555.0,0,0,0,0,0,0
Петрозаводск,263540.0,1,0,0,1,0,0
Петропавловск-Камчатский,179526.0,1,0,0,0,1,0
Петухово,11291.0,0,0,0,0,0,0
Петушки,15167.0,0,0,0,0,0,0
Печора,43458.0,0,0,0,0,0,0
Печоры,11195.0,0,0,0,0,0,0
Пикалёво,21567.0,0,0,0,0,0,0
Пионерский,11017.0,0,0,0,0,0,0
Питкяранта,11484.0,0,0,0,0,0,0
Плавск,16248.0,0,0,0,0,0,0
Пласт,17344.0,0,0,0,0,0,0
Плёс,2341.0,0,0,0,0,0,0
Поворино,17692.0,0,0,0,0,0,0
Подольск,187956.0,0,0,0,1,0,0
Подпорожье,18729.0,0,0,0,0,0,0
Покачи,17053.0,0,0,0,0,0,0
Покров,17762.0,0,0,0,0,0,0
Покровск,9495.0,0,0,0,0,0,0
Полевской,64191.0,0,0,0,0,0,1
Полесск,7580.0,0,0,0,0,0,0
Полысаево,27624.0,0,0,0,0,0,0
Полярные Зори,15106.0,0,0,0,0,0,0
Полярный,17304.0,0,0,0,0,0,0
Поронайск,16099.0,0,0,0,0,0,0
Порхов,10608.0,0,0,0,0,0,0
Похвистнево,28181.0,0,0,0,0,0,0
Почеп,17933.0,0,0,0,0,0,0
Починок,8776.0,0,0,0,0,0,0
Пошехонье,6085.0,0,0,0,0,0,0
Правдинск,4323.0,0,0,0,0,0,0
Приволжск,16749.0,0,0,0,0,0,0
Приморск,4039.0,0,0,0,0,0,0
Приморско-Ахтарск,32253.0,0,0,0,0,0,0
Приозерск,18929.0,0,0,0,0,0,0
Прокопьевск,210150.0,0,0,0,0,1,0
Пролетарск,20267.0,0,0,0,0,0,0
Протвино,37308.0,0,0,0,0,0,0
Прохладный,59595.0,0,0,0,0,0,1
Псков,203281.0,1,0,0,0,1,0
Пугачёв,41705.0,0,0,0,0,0,0
Пудож,9698.0,0,0,0,0,0,0
Пустошка,4619.0,0,0,0,0,0,0
Пучеж,8583.0,0,0,0,0,0,0
Пушкин,92721.0,0,0,0,0,0,1
Пушкино,102840.0,0,0,0,0,1,0
Пущино,20263.0,0,0,0,0,0,0
Пыталово,5826.0,0,0,0,0,0,0
Пыть-Ях,41453.0,0,0,0,0,0,0
Пятигорск,142397.0,0,0,0,0,1,0
Радужный,30803.0,0,0,0,0,0,0
Райчихинск,20499.0,0,0,0,0,0,0
Раменское,96355.0,0,0,0,0,0,1
Рассказово,45484.0,0,0,0,0,0,0
Ревда,61890.0,0,0,0,0,0,1
Реж,38213.0,0,0,0,0,0,0
Реутов,87195.0,0,0,0,0,0,1
Ржев,62026.0,0,0,0,0,0,1
Родники,26318.0,0,0,0,0,0,0
Рославль,54898.0,0,0,0,0,0,1
Россошь,62865.0,0,0,0,0,0,1
Ростов,31791.0,0,0,0,0,0,0
Ростов-на-Дону,1089851.0,1,1,0,0,0,0
Рошаль,21265.0,0,0,0,0,0,0
Ртищево,41295.0,0,0,0,0,0,0
Рубцовск,147008.0,0,0,0,0,1,0
Рудня,10029.0,0,0,0,0,0,0
Руза,13495.0,0,0,0,0,0,0
Рузаевка,47529.0,0,0,0,0,0,0
Рыбинск,200771.0,0,0,0,0,1,0
Рыбное,18378.0,0,0,0,0,0,0
Рыльск,15667.0,0,0,0,0,0,0
Ряжск,21676.0,0,0,0,0,0,0
Рязань,525062.0,1,0,1,0,0,0
Салават,156085.0,0,0,0,0,1,0
Салаир,8263.0,0,0,0,0,0,0
Салехард,42494.0,1,0,0,0,0,0
Сальск,61312.0,0,0,0,0,0,1
Самара,1164896.0,1,1,0,0,0,0
Санкт-Петербург,4848742.0,1,1,0,0,0,0
Саранск,297425.0,1,0,0,1,0,0
Сарапул,101390.0,0,0,0,0,1,0
Саратов,837831.0,1,0,1,0,0,0
Саров,92073.0,0,0,0,0,0,1
Сасово,28117.0,0,0,0,0,0,0
Сатка,45465.0,0,0,0,0,0,0
Сафоново,46116.0,0,0,0,0,0,0
Саяногорск,49889.0,0,0,0,0,0,0
Саянск,40786.0,0,0,0,0,0,0
Светлогорск,10775.0,0,0,0,0,0,0
Светлоград,38520.0,0,0,0,0,0,0
Светлый,21380.0,0,0,0,0,0,0
Светогорск,15973.0,0,0,0,0,0,0
Свирск,13649.0,0,0,0,0,0,0
Свободный,58594.0,0,0,0,0,0,1
Себеж,6375.0,0,0,0,0,0,0
Северо-Курильск,2535.0,0,0,0,0,0,0
Северобайкальск,24935.0,0,0,0,0,0,0
Северодвинск,192265.0,0,0,0,0,1,0
Североморск,50076.0,0,0,0,0,0,1
Североуральск,29279.0,0,0,0,0,0,0
Северск,108466.0,0,0,0,0,1,0
Севск,7282.0,0,0,0,0,0,0
Сегежа,29660.0,0,0,0,0,0,0
Сельцо,17933.0,0,0,0,0,0,0
Семикаракорск,23884.0,0,0,0,0,0,0
Семилуки,26025.0,0,0,0,0,0,0
Семёнов,24472.0,0,0,0,0,0,0
Сенгилей,6959.0,0,0,0,0,0,0
Серафимович,9368.0,0,0,0,0,0,0
Сергач,21387.0,0,0,0,0,0,0
Сергиев Посад,110878.0,0,0,0,0,1,0
Сердобск,35387.0,0,0,0,0,0,0
Серов,99381.0,0,0,0,0,0,1
Серпухов,126496.0,0,0,0,0,1,0
Сертолово,47854.0,0,0,0,0,0,0
Сестрорецк,36680.0,0,0,0,0,0,0
Сибай,62732.0,0,0,0,0,0,1
Сим,14465.0,0,0,0,0,0,0
Сковородино,9561.0,0,0,0,0,0,0
Скопин,30374.0,0,0,0,0,0,0
Славгород,32390.0,0,0,0,0,0,0
Славск,4614.0,0,0,0,0,0,0
Славянск-на-Кубани,63768.0,0,0,0,0,0,1
Сланцы,33587.0,0,0,0,0,0,0
Слободской,33983.0,0,0,0,0,0,0
Слюдянка,18542.0,0,0,0,0,0,0
Смоленск,326863.0,1,0,0,1,0,0
Снежинск,48896.0,0,0,0,0,0,0
Снежногорск,12698.0,0,0,0,0,0,0
Собинка,19482.0,0,0,0,0,0,0
Советск,21946.0,0,0,0,0,0,0
Советская Гавань,27712.0,0,0,0,0,0,0
Советский,26434.0,0,0,0,0,0,0
Сокол,38454.0,0,0,0,0,0,0
Солигалич,6438.0,0,0,0,0,0,0
Соликамск,97239.0,0,0,0,0,0,1
Солнечногорск,52996.0,0,0,0,0,0,1
Соль-Илецк,28369.0,0,0,0,0,0,0
Сольвычегодск,2460.0,0,0,0,0,0,0
Сольцы,10086.0,0,0,0,0,0,0
Сорочинск,29260.0,0,0,0,0,0,0
Сорск,12140.0,0,0,0,0,0,0
Сортавала,19215.0,0,0,0,0,0,0
Сосенский,12394.0,0,0,0,0,0,0
Сосновка,11960.0,0,0,0,0,0,0
Сосновоборск,33090.0,0,0,0,0,0,0
Сосновый Бор,65901.0,0,0,0,0,0,1
Сосногорск,27809.0,0,0,0,0,0,0
Сочи,343285.0,0,0,0,1,0,0
Спас-Деменск,4904.0,0,0,0,0,0,0
Спас-Клепики,5917.0,0,0,0,0,0,0
Спасск,7442.0,0,0,0,0,0,0
Спасск-Дальний,44166.0,0,0,0,0,0,0
Спасск-Рязанский,7745.0,0,0,0,0,0,0
Среднеколымск,3525.0,0,0,0,0,0,0
Среднеуральск,20445.0,0,0,0,0,0,0
Сретенск,6850.0,0,0,0,0,0,0
Ставрополь,398266.0,1,0,0,1,0,0
Старая Купавна,21859.0,0,0,0,0,0,0
Старая Русса,31809.0,0,0,0,0,0,0
Старица,8610.0,0,0,0,0,0,0
Стародуб,19010.0,0,0,0,0,0,0
Старый Оскол,221163.0,0,0,0,0,1,0
Стерлитамак,273432.0,0,0,0,1,0,0
Стрежевой,42216.0,0,0,0,0,0,0
Строитель,23933.0,0,0,0,0,0,0
Струнино,14372.0,0,0,0,0,0,0
Ступино,66942.0,0,0,0,0,0,1
Суворов,18975.0,0,0,0,0,0,0
Суджа,6036.0,0,0,0,0,0,0
Судогда,11848.0,0,0,0,0,0,0
Суздаль,10535.0,0,0,0,0,0,0
Суоярви,9763.0,0,0,0,0,0,0
Сураж,11640.0,0,0,0,0,0,0
Сургут,306703.0,0,0,0,1,0,0
Суровикино,20527.0,0,0,0,0,0,0
Сурск,7032.0,0,0,0,0,0,0
Сусуман,5865.0,0,0,0,0,0,0
Сухиничи,16295.0,0,0,0,0,0,0
Сухой Лог,34547.0,0,0,0,0,0,0
Сызрань,178773.0,0,0,0,0,1,0
Сыктывкар,235006.0,1,0,0,0,1,0
Сысерть,20485.0,0,0,0,0,0,0
Сычёвка,8111.0,0,0,0,0,0,0
Сясьстрой,13747.0,0,0,0,0,0,0
Тавда,35415.0,0,0,0,0,0,0
Таганрог,257692.0,0,0,0,0,1,0
Тайга,25330.0,0,0,0,0,0,0
Тайшет,35481.0,0,0,0,0,0,0
Талдом,13819.0,0,0,0,0,0,0
Талица,16220.0,0,0,0,0,0,0
Тамбов,280457.0,1,0,0,1,0,0
Тара,27322.0,0,0,0,0,0,0
Тарко-Сале,20372.0,0,0,0,0,0,0
Таруса,9656.0,0,0,0,0,0,0
Татарск,24217.0,0,0,0,0,0,0
Таштагол,23114.0,0,0,0,0,0,0
Тверь,403726.0,1,0,0,1,0,0
Теберда,9097.0,0,0,0,0,0,0
Тейково,34993.0,0,0,0,0,0,0
Темников,7247.0,0,0,0,0,0,0
Темрюк,38014.0,0,0,0,0,0,0
Терек,19170.0,0,0,0,0,0,0
Тетюши,11596.0,0,0,0,0,0,0
Тимашёвск,53921.0,0,0,0,0,0,1
Тихвин,58843.0,0,0,0,0,0,1
Тихорецк,61825.0,0,0,0,0,0,1
Тобольск,99698.0,0,0,0,0,0,1
Тогучин,21900.0,0,0,0,0,0,0
Тольятти,719514.0,0,0,1,0,0,0
Томари,4537.0,0,0,0,0,0,0
Томмот,8054.0,0,0,0,0,0,0
Томск,522940.0,1,0,1,0,0,0
Топки,28642.0,0,0,0,0,0,0
Торжок,47702.0,0,0,0,0,0,0
Торопец,13018.0,0,0,0,0,0,0
Тосно,39127.0,0,0,0,0,0,0
Тотьма,9784.0,0,0,0,0,0,0
Троицк,59255.5,0,0,0,0,0,1
Трубчевск,15014.0,0,0,0,0,0,0
Трёхгорный,33678.0,0,0,0,0,0,0
Туапсе,63233.0,0,0,0,0,0,1
Туймазы,66849.0,0,0,0,0,0,1
Тула,501129.0,1,0,0,1,0,0
Тулун,44603.0,0,0,0,0,0,0
Туран,4988.0,0,0,0,0,0,0
Туринск,17923.0,0,0,0,0,0,0
Тутаев,41001.0,0,0,0,0,0,0
Тында,35574.0,0,0,0,0,0,0
Тырныауз,21000.0,0,0,0,0,0,0
Тюкалинск,11276.0,0,0,0,0,0,0
Тюмень,581758.0,1,0,1,0,0,0
Уварово,26829.0,0,0,0,0,0,0
Углегорск,10382.0,0,0,0,0,0,0
Углич,34505.0,0,0,0,0,0,0
Удачный,12611.0,0,0,0,0,0,0
Удомля,31048.0,0,0,0,0,0,0
Ужур,16079.0,0,0,0,0,0,0
Узловая,55282.0,0,0,0,0,0,1
Улан-Удэ,404357.0,1,0,0,1,0,0
Ульяновск,613793.0,1,0,1,0,0,0
Унеча,26196.0,0,0,0,0,0,0
Урай,39435.0,0,0,0,0,0,0
Урень,12306.0,0,0,0,0,0,0
Уржум,10213.0,0,0,0,0,0,0
Урус-Мартан,49071.0,0,0,0,0,0,0
Урюпинск,41594.0,0,0,0,0,0,0
Усинск,41100.0,0,0,0,0,0,0
Усмань,18752.0,0,0,0,0,0,0
Усолье,5694.0,0,0,0,0,0,0
Усолье-Сибирское,83364.0,0,0,0,0,0,1
Уссурийск,157946.0,0,0,0,0,1,0
Усть-Джегута,30602.0,0,0,0,0,0,0
Усть-Илимск,86591.0,0,0,0,0,0,1
Усть-Катав,23586.0,0,0,0,0,0,0
Усть-Кут,45061.0,0,0,0,0,0,0
Усть-Лабинск,43268.0,0,0,0,0,0,0
Устюжна,9478.0,0,0,0,0,0,0
Уфа,1062300.0,1,1,0,0,0,0
Ухта,99642.0,0,0,0,0,0,1
Учалы,37771.0,0,0,0,0,0,0
Уяр,12666.0,0,0,0,0,0,0
Фатеж,5404.0,0,0,0,0,0,0
Фокино,18778.5,0,0,0,0,0,0
Фролово,39489.0,0,0,0,0,0,0
Фрязино,55449.0,0,0,0,0,0,1
Фурманов,36149.0,0,0,0,0,0,0
Хабаровск,577668.0,1,0,1,0,0,0
Хадыженск,21580.0,0,0,0,0,0,0
Ханты-Мансийск,79410.0,1,0,0,0,0,1
Харабали,18209.0,0,0,0,0,0,0
Харовск,10078.0,0,0,0,0,0,0
Хасавюрт,133929.0,0,0,0,0,1,0
Хвалынск,13094.0,0,0,0,0,0,0
Хилок,11530.0,0,0,0,0,0,0
Химки,207125.0,0,0,0,1,0,0
Холм,3830.0,0,0,0,0,0,0
Холмск,30936.0,0,0,0,0,0,0
Хотьково,21612.0,0,0,0,0,0,0
Цивильск,13478.0,0,0,0,0,0,0
Цимлянск,15029.0,0,0,0,0,0,0
Чадан,9037.0,0,0,0,0,0,0
Чайковский,82933.0,0,0,0,0,0,1
Чапаевск,72689.0,0,0,0,0,0,1
Чаплыгин,12656.0,0,0,0,0,0,0
Чебаркуль,43405.0,0,0,0,0,0,0
Чебоксары,453645.0,1,0,0,1,0,0
Чегем,17988.0,0,0,0,0,0,0
Чекалин,994.0,0,0,0,0,0,0
Челябинск,1130273.0,1,1,0,0,0,0
Чердынь,4920.0,0,0,0,0,0,0
Черемхово,52650.0,0,0,0,0,0,1
Черепаново,19803.0,0,0,0,0,0,0
Череповец,312311.0,0,0,0,1,0,0
Черкесск,121439.0,1,0,0,0,1,0
Черноголовка,20986.0,0,0,0,0,0,0
Черногорск,72117.0,0,0,0,0,0,1
Чернушка,33275.0,0,0,0,0,0,0
Черняховск,40464.0,0,0,0,0,0,0
Чехов,60677.0,0,0,0,0,0,1
Чистополь,60703.0,0,0,0,0,0,1
Чита,323964.0,1,0,0,1,0,0
Чкаловск,12371.0,0,0,0,0,0,0
Чудово,15401.0,0,0,0,0,0,0
Чулым,11568.0,0,0,0,0,0,0
Чусовой,46740.0,0,0,0,0,0,0
Чухлома,5209.0,0,0,0,0,0,0
Чёрмоз,3861.0,0,0,0,0,0,0
Шагонар,10958.0,0,0,0,0,0,0
Шадринск,77744.0,0,0,0,0,0,1
Шали,47715.0,0,0,0,0,0,0
Шарыпово,38570.0,0,0,0,0,0,0
Шарья,23668.0,0,0,0,0,0,0
Шатура,32836.0,0,0,0,0,0,0
Шахты,240152.0,0,0,0,0,1,0
Шахтёрск,8382.0,0,0,0,0,0,0
Шахунья,20926.0,0,0,0,0,0,0
Шацк,6562.0,0,0,0,0,0,0
Шебекино,44277.0,0,0,0,0,0,0
Шелехов,47960.0,0,0,0,0,0,0
Шенкурск,5702.0,0,0,0,0,0,0
Шилка,13947.0,0,0,0,0,0,0
Шимановск,19815.0,0,0,0,0,0,0
Шиханы,6067.0,0,0,0,0,0,0
Шлиссельбург,13305.0,0,0,0,0,0,0
Шумерля,31724.0,0,0,0,0,0,0
Шумиха,17821.0,0,0,0,0,0,0
Шуя,58528.0,0,0,0,0,0,1
Щербинка,32836.0,0,0,0,0,0,0
Щигры,17043.0,0,0,0,0,0,0
Щучье,10971.0,0,0,0,0,0,0
Щёкино,58154.0,0,0,0,0,0,1
Щёлково,110380.0,0,0,0,0,1,0
Электрогорск,22120.0,0,0,0,0,0,0
Электросталь,155324.0,0,0,0,0,1,0
Электроугли,20120.0,0,0,0,0,0,0
Элиста,103728.0,1,0,0,0,1,0
Энгельс,202401.0,0,0,0,0,1,0
Эртиль,11387.0,0,0,0,0,0,0
Юбилейный,33221.0,0,0,0,0,0,0
Югорск,34066.0,0,0,0,0,0,0
Южа,14170.0,0,0,0,0,0,0
Южно-Сахалинск,181727.0,1,0,0,0,1,0
Южно-Сухокумск,10048.0,0,0,0,0,0,0
Южноуральск,37890.0,0,0,0,0,0,0
Юрга,81536.0,0,0,0,0,0,1
Юрьев-Польский,19588.0,0,0,0,0,0,0
Юрьевец,10205.0,0,0,0,0,0,0
Юрюзань,12568.0,0,0,0,0,0,0
Юхнов,7056.0,0,0,0,0,0,0
Ядрин,9614.0,0,0,0,0,0,0
Якутск,269486.0,1,0,0,1,0,0
Ялуторовск,36494.0,0,0,0,0,0,0
Янаул,26988.0,0,0,0,0,0,0
Яранск,17252.0,0,0,0,0,0,0
Яровое,18605.0,0,0,0,0,0,0
Ярославль,591486.0,1,0,1,0,0,0
Ярцево,47853.0,0,0,0,0,0,0
Ясногорск,16804.0,0,0,0,0,0,0
Ясный,17365.0,0,0,0,0,0,0
Яхрома,13248.0,0,0,0,0,0,0
Байконур,76000.0,1,0,0,0,0,1
